/2007/10/13/new-tsevdos-com/ /new-tsevdos-com 301
/2007/10/13/new-tsevdos-com /new-tsevdos-com 301
/2007/10/13/previous-weeks-news/ /previous-weeks-news 301 
/2007/10/13/previous-weeks-news /previous-weeks-news 301 
/2007/10/15/advertise-your-blog-without-spending-a-penny/ /advertise-your-blog-without-spending-a-penny 301
/2007/10/15/advertise-your-blog-without-spending-a-penny /advertise-your-blog-without-spending-a-penny 301
/2007/10/16/everything-is-ready/ /everything-is-ready 301
/2007/10/16/everything-is-ready /everything-is-ready 301
/2007/10/19/greek-and-english-podcasts-i-listen-to/ /greek-and-english-podcasts-i-listen-to 301
/2007/10/19/greek-and-english-podcasts-i-listen-to /greek-and-english-podcasts-i-listen-to 301
/2007/10/17/how-to-make-your-blog-better-part-one-design-and-theme/ /how-to-make-your-blog-better-part-one-design-and-theme 301
/2007/10/17/how-to-make-your-blog-better-part-one-design-and-theme /how-to-make-your-blog-better-part-one-design-and-theme 301
/2007/10/30/how-to-make-your-blog-better-part-two-interaction-and-navigation/ /how-to-make-your-blog-better-part-two-interaction-and-navigation 301
/2007/10/30/how-to-make-your-blog-better-part-two-interaction-and-navigation /how-to-make-your-blog-better-part-two-interaction-and-navigation 301
/2007/10/28/mozilla-prism/ /mozilla-prism 301
/2007/10/28/mozilla-prism /mozilla-prism 301
/2007/11/04/open-social-the-ultimate-api/ /open-social-the-ultimate-api 301
/2007/11/04/open-social-the-ultimate-api /open-social-the-ultimate-api 301
/2007/11/09/pixel-cast-the-new-greek-vidcast/ /pixel-cast-the-new-greek-vidcast 301
/2007/11/09/pixel-cast-the-new-greek-vidcast /pixel-cast-the-new-greek-vidcast 301
/2007/10/22/webkit-does-html5-client-side-database-storage/ /webkit-does-html5-client-side-database-storage 301
/2007/10/22/webkit-does-html5-client-side-database-storage /webkit-does-html5-client-side-database-storage 301
/2007/10/26/wordpress-plugins-i-use/ /wordpress-plugins-i-use 301
/2007/10/26/wordpress-plugins-i-use /wordpress-plugins-i-use 301
/2007/11/15/the-ultimate-web-site-checklist/ /the-ultimate-web-site-checklist" 301
/2007/11/15/the-ultimate-web-site-checklist /the-ultimate-web-site-checklist" 301
/2007/11/17/noserub-stream-your-life/ /noserub-stream-your-life 301
/2007/11/17/noserub-stream-your-life /noserub-stream-your-life 301
/2007/11/26/microsoft-visual-studio-2008/ /microsoft-visual-studio-2008 301
/2007/11/26/microsoft-visual-studio-2008 /microsoft-visual-studio-2008 301
/2007/11/29/email-standards-project/ /email-standards-project 301
/2007/11/29/email-standards-project /email-standards-project 301
/2007/12/05/yahoo-ui-library-gets-selector-utility/ /yahoo-ui-library-gets-selector-utility 301
/2007/12/05/yahoo-ui-library-gets-selector-utility /yahoo-ui-library-gets-selector-utility 301
/2007/12/06/html5-and-xhtml2-the-new-web-war/ /html5-and-xhtml2-the-new-web-war 301
/2007/12/06/html5-and-xhtml2-the-new-web-war /html5-and-xhtml2-the-new-web-war 301
/2007/12/10/mapstraction-the-maps-javascript-library/ /mapstraction-the-maps-javascript-library 301
/2007/12/10/mapstraction-the-maps-javascript-library /mapstraction-the-maps-javascript-library 301
/2007/12/20/how-to-design-html-emails-properly/ /how-to-design-html-emails-properly 301
/2007/12/20/how-to-design-html-emails-properly /how-to-design-html-emails-properly 301
/2007/12/28/free-online-ruby-on-rails-course/ /free-online-ruby-on-rails-course 301
/2007/12/28/free-online-ruby-on-rails-course /free-online-ruby-on-rails-course 301
/2007/12/31/mozilla-weave/ /mozilla-weave 301
/2007/12/31/mozilla-weave /mozilla-weave 301
/2008/01/15/kazamias-2008/ /kazamias-2008 301
/2008/01/15/kazamias-2008 /kazamias-2008 301
/2008/01/24/statistics-and-blogging-how-to-use-them/ /statistics-and-blogging-how-to-use-them 301
/2008/01/24/statistics-and-blogging-how-to-use-them /statistics-and-blogging-how-to-use-them 301
/2008/01/27/free-online-wysiwyg-html-editors/ /free-online-wysiwyg-html-editors 301
/2008/01/27/free-online-wysiwyg-html-editors /free-online-wysiwyg-html-editors 301
/2008/01/29/internet-explorer-8-and-version-targeting-microsofts-big-mistake/ /internet-explorer-8-and-version-targeting-microsofts-big-mistake 301
/2008/01/29/internet-explorer-8-and-version-targeting-microsofts-big-mistake /internet-explorer-8-and-version-targeting-microsofts-big-mistake 301
/2008/01/31/free-online-flash-editor/ /free-online-flash-editor 301
/2008/01/31/free-online-flash-editor /free-online-flash-editor 301
/2008/02/04/the-ultimate-web-accessibility-and-usability-list/ /the-ultimate-web-accessibility-and-usability-list 301
/2008/02/04/the-ultimate-web-accessibility-and-usability-list /the-ultimate-web-accessibility-and-usability-list 301
/2008/02/06/html5-is-coming/ /html5-is-coming 301
/2008/02/06/html5-is-coming /html5-is-coming 301
/2008/02/12/buy-the-famous-carson-workshops/ /buy-the-famous-carson-workshops 301
/2008/02/12/buy-the-famous-carson-workshops /buy-the-famous-carson-workshops 301
/2008/02/12/yahoo-live/ /yahoo-live 301
/2008/02/12/yahoo-live /yahoo-live 301
/2008/02/21/w3c-amaya-browser-and-editor/ /w3c-amaya-browser-and-editor 301
/2008/02/21/w3c-amaya-browser-and-editor /w3c-amaya-browser-and-editor 301
/2008/02/22/gotapi-reference-site/ /gotapi-reference-site" 301
/2008/02/22/gotapi-reference-site /gotapi-reference-site" 301
/2008/02/25/ie8-beta-and-web-standards-project-suggestions/ /ie8-beta-and-web-standards-project-suggestions 301
/2008/02/25/ie8-beta-and-web-standards-project-suggestions /ie8-beta-and-web-standards-project-suggestions 301
/2008/02/27/make-your-blog-mobile-friendly-in-5-minutes/ /make-your-blog-mobile-friendly-in-5-minutes 301
/2008/02/27/make-your-blog-mobile-friendly-in-5-minutes /make-your-blog-mobile-friendly-in-5-minutes 301
/2008/03/04/microsoft-rethinks-version-targeting-in-ie8/ /microsoft-rethinks-version-targeting-in-ie8" 301
/2008/03/04/microsoft-rethinks-version-targeting-in-ie8 /microsoft-rethinks-version-targeting-in-ie8" 301
/2008/03/05/how-to-make-your-site-faster-the-ultimate-guide-to-site-optimization/ /how-to-make-your-site-faster-the-ultimate-guide-to-site-optimization" 301
/2008/03/05/how-to-make-your-site-faster-the-ultimate-guide-to-site-optimization /how-to-make-your-site-faster-the-ultimate-guide-to-site-optimization" 301
/2008/03/06/ie8-beta-1-is-ready/ /ie8-beta-1-is-ready" 301
/2008/03/06/ie8-beta-1-is-ready /ie8-beta-1-is-ready" 301
/2008/03/07/mobile-friendly-version-of-tsevdos-com/ /mobile-friendly-version-of-tsevdos-com" 301
/2008/03/07/mobile-friendly-version-of-tsevdos-com /mobile-friendly-version-of-tsevdos-com" 301
/2008/03/13/tsevdos-com-and-web-art-cast-screencast/ /tsevdos-com-and-web-art-cast-screencast" 301
/2008/03/13/tsevdos-com-and-web-art-cast-screencast /tsevdos-com-and-web-art-cast-screencast" 301
/2008/03/31/greek-web-experts-i-read-and-trust/ /greek-web-experts-i-read-and-trust 301
/2008/03/31/greek-web-experts-i-read-and-trust /greek-web-experts-i-read-and-trust 301
/2008/04/19/tsevdoscom-and-wordpress-25/ /tsevdoscom-and-wordpress-25 301
/2008/04/19/tsevdoscom-and-wordpress-25 /tsevdoscom-and-wordpress-25 301
/2008/04/24/ie-tester/ /ie-tester 301
/2008/04/24/ie-tester /ie-tester 301
/2008/05/08/four-greek-sites-that-will-make-your-life-easier/ /four-greek-sites-that-will-make-your-life-easier 301
/2008/05/08/four-greek-sites-that-will-make-your-life-easier /four-greek-sites-that-will-make-your-life-easier 301
/2008/05/14/new-theme/ /new-theme 301
/2008/05/14/new-theme /new-theme 301
/2008/05/15/free-photoshop-book-from-sitepoint/ /free-photoshop-book-from-sitepoint 301
/2008/05/15/free-photoshop-book-from-sitepoint /free-photoshop-book-from-sitepoint 301
/2008/05/27/styling-comments-tsevdos-com-way/ /styling-comments-tsevdos-com-way 301
/2008/05/27/styling-comments-tsevdos-com-way /styling-comments-tsevdos-com-way 301
/2008/06/06/paperplane-and-corporate-blogging-in-greece/ /paperplane-and-corporate-blogging-in-greece 301
/2008/06/06/paperplane-and-corporate-blogging-in-greece /paperplane-and-corporate-blogging-in-greece 301
/2008/06/10/whitepress-tsevdos-com-official-wordpress-theme/ /whitepress-tsevdos-com-official-wordpress-theme 301
/2008/06/10/whitepress-tsevdos-com-official-wordpress-theme /whitepress-tsevdos-com-official-wordpress-theme 301
/2008/06/12/web-accessibility-checklist/ /web-accessibility-checklist 301
/2008/06/12/web-accessibility-checklist /web-accessibility-checklist 301
/2008/06/17/search-engine-optimization-seo-for-bloggers/ /search-engine-optimization-seo-for-bloggers 301
/2008/06/17/search-engine-optimization-seo-for-bloggers /search-engine-optimization-seo-for-bloggers 301
/2008/06/23/css3gr/ /css3gr 301
/2008/06/23/css3gr /css3gr 301
/2008/06/23/lets-talk-about-whitepress-theme/ /lets-talk-about-whitepress-theme 301
/2008/06/23/lets-talk-about-whitepress-theme /lets-talk-about-whitepress-theme 301
/2008/07/01/accessibility-test-in-ten-minutes/ /accessibility-test-in-ten-minutes 301
/2008/07/01/accessibility-test-in-ten-minutes /accessibility-test-in-ten-minutes 301
/2008/07/10/rounded-coreners-using-pure-css-and-just-one-image/ /rounded-coreners-using-pure-css-and-just-one-image 301
/2008/07/10/rounded-coreners-using-pure-css-and-just-one-image /rounded-coreners-using-pure-css-and-just-one-image 301
/2008/07/16/free-upgrade-to-all-mofuse-accounts/ /free-upgrade-to-all-mofuse-accounts 301
/2008/07/16/free-upgrade-to-all-mofuse-accounts /free-upgrade-to-all-mofuse-accounts 301
/2008/07/22/seo-and-urls-7-things-you-must-avoid/ /seo-and-urls-7-things-you-must-avoid 301
/2008/07/22/seo-and-urls-7-things-you-must-avoid /seo-and-urls-7-things-you-must-avoid 301
/2008/08/25/greek-corporate-blogs-greece-is-so-behind/ /greek-corporate-blogs-greece-is-so-behind 301
/2008/08/25/greek-corporate-blogs-greece-is-so-behind /greek-corporate-blogs-greece-is-so-behind 301
/2008/08/29/progressive-enhancement-tsevdoscom-sidebar/ /progressive-enhancement-tsevdoscom-sidebar 301
/2008/08/29/progressive-enhancement-tsevdoscom-sidebar /progressive-enhancement-tsevdoscom-sidebar 301
/2008/08/31/best-of-the-rest-35-week-2008/ /best-of-the-rest-35-week-2008 301
/2008/08/31/best-of-the-rest-35-week-2008 /best-of-the-rest-35-week-2008 301
/2008/09/04/google-chrome-a-more-techy-opinion/ /google-chrome-a-more-techy-opinion 301
/2008/09/04/google-chrome-a-more-techy-opinion /google-chrome-a-more-techy-opinion 301
/2008/09/08/best-of-the-rest-36-week-2008/ /best-of-the-rest-36-week-2008 301
/2008/09/08/best-of-the-rest-36-week-2008 /best-of-the-rest-36-week-2008 301
/2008/09/11/whitepress-version-1/ /whitepress-version-1 301
/2008/09/11/whitepress-version-1 /whitepress-version-1 301
/2008/09/14/best-of-the-rest-37-week-2008/ /best-of-the-rest-37-week-2008 301
/2008/09/14/best-of-the-rest-37-week-2008 /best-of-the-rest-37-week-2008 301
/2008/09/21/best-of-the-rest-38-week-2008/ /best-of-the-rest-38-week-2008 301
/2008/09/21/best-of-the-rest-38-week-2008 /best-of-the-rest-38-week-2008 301
/2008/09/22/css-frameworks-good-or-evil/ /css-frameworks-good-or-evil 301
/2008/09/22/css-frameworks-good-or-evil /css-frameworks-good-or-evil 301
/2008/09/24/css3gr-is-ready/ /css3gr-is-ready 301
/2008/09/24/css3gr-is-ready /css3gr-is-ready 301
/2008/09/28/best-of-the-rest-39-week-2008/ /best-of-the-rest-39-week-2008 301
/2008/09/28/best-of-the-rest-39-week-2008 /best-of-the-rest-39-week-2008 301
/2008/10/05/best-of-the-rest-40-week-2008/ /best-of-the-rest-40-week-2008 301
/2008/10/05/best-of-the-rest-40-week-2008 /best-of-the-rest-40-week-2008 301
/2008/10/09/british-web-guidelines-whats-wrong-with-them/ /british-web-guidelines-whats-wrong-with-them 301
/2008/10/09/british-web-guidelines-whats-wrong-with-them /british-web-guidelines-whats-wrong-with-them 301
/2008/10/12/best-of-the-rest-41-week-2008/ /best-of-the-rest-41-week-2008 301
/2008/10/12/best-of-the-rest-41-week-2008 /best-of-the-rest-41-week-2008 301
/2008/10/13/blog-action-day-08/ /blog-action-day-08 301
/2008/10/13/blog-action-day-08 /blog-action-day-08 301
/2008/10/16/free-popularity-monitoring-tools/ /free-popularity-monitoring-tools 301
/2008/10/16/free-popularity-monitoring-tools /free-popularity-monitoring-tools 301
/2008/10/19/best-of-the-rest-42-week-2008/ /best-of-the-rest-42-week-2008 301
/2008/10/19/best-of-the-rest-42-week-2008 /best-of-the-rest-42-week-2008 301
/2008/11/02/nofollow-attribute/ /nofollow-attribute 301
/2008/11/02/nofollow-attribute /nofollow-attribute 301
/2008/11/10/microsoft-small-basic/ /microsoft-small-basic 301
/2008/11/10/microsoft-small-basic /microsoft-small-basic 301
/2008/11/11/yahoo-web-analytics/ /yahoo-web-analytics 301
/2008/11/11/yahoo-web-analytics /yahoo-web-analytics 301
/2008/11/12/text-links-ads-vs-google-adsence/ /text-links-ads-vs-google-adsence 301
/2008/11/12/text-links-ads-vs-google-adsence /text-links-ads-vs-google-adsence 301
/2008/11/17/wp-best-posts-summary-plugin/ /wp-best-posts-summary-plugin 301
/2008/11/17/wp-best-posts-summary-plugin /wp-best-posts-summary-plugin 301
/2008/11/18/the-art-and-science-of-css-free-e-book/ /the-art-and-science-of-css-free-e-book 301
/2008/11/18/the-art-and-science-of-css-free-e-book /the-art-and-science-of-css-free-e-book 301
/2008/11/18/the-end-of-text-link-ads/ /the-end-of-text-link-ads 301
/2008/11/18/the-end-of-text-link-ads /the-end-of-text-link-ads 301
/2008/11/19/make-ie6-to-behave-like-ie7/ /make-ie6-to-behave-like-ie7 301
/2008/11/19/make-ie6-to-behave-like-ie7 /make-ie6-to-behave-like-ie7 301
/2008/11/21/xhtmlme-com-the-greek-psd-to-xhtml-service/ /xhtmlme-com-the-greek-psd-to-xhtml-service 301
/2008/11/21/xhtmlme-com-the-greek-psd-to-xhtml-service /xhtmlme-com-the-greek-psd-to-xhtml-service 301
/2008/11/24/yahoo-browserplus/ /yahoo-browserplus 301
/2008/11/24/yahoo-browserplus /yahoo-browserplus 301
/2008/12/01/best-links-november-08/ /best-links-november-08 301
/2008/12/01/best-links-november-08 /best-links-november-08 301
/2008/12/06/whitepress-theme-at-wordpressorg/ /whitepress-theme-at-wordpressorg 301
/2008/12/06/whitepress-theme-at-wordpressorg /whitepress-theme-at-wordpressorg 301
/2008/12/10/free-design-ebook/ /free-design-ebook 301
/2008/12/10/free-design-ebook /free-design-ebook 301
/2008/12/19/tsevdos-com-passes-the-100-sunscribers/ /tsevdos-com-passes-the-100-sunscribers 301
/2008/12/19/tsevdos-com-passes-the-100-sunscribers /tsevdos-com-passes-the-100-sunscribers 301
/2008/12/24/the-best-posts-of-2008/ /the-best-posts-of-2008 301
/2008/12/24/the-best-posts-of-2008 /the-best-posts-of-2008 301
/2008/12/31/best-links-december-08/ /best-links-december-08 301
/2008/12/31/best-links-december-08 /best-links-december-08 301
/2009/01/01/best-posts-dec-08/ /best-posts-dec-08 301
/2009/01/01/best-posts-dec-08 /best-posts-dec-08 301
/2009/01/02/tsevdoscom-traffic-stats-2008/ /tsevdoscom-traffic-stats-2008 301
/2009/01/02/tsevdoscom-traffic-stats-2008 /tsevdoscom-traffic-stats-2008 301
/2009/01/05/kazamias-2009/ /kazamias-2009 301
/2009/01/05/kazamias-2009 /kazamias-2009 301
/2009/01/19/fast-development-5-tips-for-fast-results/ /fast-development-5-tips-for-fast-results 301
/2009/01/19/fast-development-5-tips-for-fast-results /fast-development-5-tips-for-fast-results 301
/2009/01/30/best-links-january-09/ /best-links-january-09 301
/2009/01/30/best-links-january-09 /best-links-january-09 301
/2009/02/16/6-plus-1-ui-libraries/ /6-plus-1-ui-libraries 301
/2009/02/16/6-plus-1-ui-libraries /6-plus-1-ui-libraries 301
/2009/02/27/tsevdoscom-is-upgrading-to-wordpress-2-7-1/ /tsevdoscom-is-upgrading-to-wordpress-2-7-1 301
/2009/02/27/tsevdoscom-is-upgrading-to-wordpress-2-7-1 /tsevdoscom-is-upgrading-to-wordpress-2-7-1 301
/2009/03/07/best-links-february-09/ /best-links-february-09 301
/2009/03/07/best-links-february-09 /best-links-february-09 301
/2009/03/22/ie8-is-ready/ /ie8-is-ready 301
/2009/03/22/ie8-is-ready /ie8-is-ready 301
/2009/03/31/the-solution-we-ve-all-been-waiting-for/ /the-solution-we-ve-all-been-waiting-for 301
/2009/03/31/the-solution-we-ve-all-been-waiting-for /the-solution-we-ve-all-been-waiting-for 301
/2009/04/08/best-links-march-09/ /best-links-march-09 301
/2009/04/08/best-links-march-09 /best-links-march-09 301
/2009/04/19/w3c-site-redesign/ /w3c-site-redesign 301
/2009/04/19/w3c-site-redesign /w3c-site-redesign 301
/2009/07/03/best-links-june-09/ /best-links-june-09 301
/2009/07/03/best-links-june-09 /best-links-june-09 301
/2009/06/10/easyinput-jquery-plug-in/ /easyinput-jquery-plug-in 301
/2009/06/10/easyinput-jquery-plug-in /easyinput-jquery-plug-in 301
/2009/06/09/google-wave-first-look/ /google-wave-first-look 301
/2009/06/09/google-wave-first-look /google-wave-first-look 301
/2009/06/01/best-links-may-09/ /best-links-may-09 301
/2009/06/01/best-links-may-09 /best-links-may-09 301
/2009/05/26/xhtml-tags-we-must-use/ /xhtml-tags-we-must-use 301
/2009/05/26/xhtml-tags-we-must-use /xhtml-tags-we-must-use 301
/2009/05/22/maka-site/ /amka-site 301
/2009/05/22/maka-site /amka-site 301
/2009/05/05/designminds-is-here/ /designminds-is-here 301
/2009/05/05/designminds-is-here /designminds-is-here 301
/2009/04/22/why-i-hate-twitter/ /why-i-hate-twitter 301
/2009/04/22/why-i-hate-twitter /why-i-hate-twitter 301
/2009/04/28/mobifyme/ /mobifyme 301
/2009/04/28/mobifyme /mobifyme 301
/2009/05/04/best-links-april-09/ /best-links-april-09 301
/2009/05/04/best-links-april-09 /best-links-april-09 301
/2009/10/12/easy-to-implement-accessibility-tips-use-option-groups-to-forms/ /easy-to-implement-accessibility-tips-use-option-groups-to-forms 301
/2009/10/12/easy-to-implement-accessibility-tips-use-option-groups-to-forms /easy-to-implement-accessibility-tips-use-option-groups-to-forms 301
/2009/10/05/best-links-september-09/ /best-links-september-09 301
/2009/10/05/best-links-september-09 /best-links-september-09 301
/2009/09/23/presentational-graphics-vs-content-graphics/ /presentational-graphics-vs-content-graphics 301
/2009/09/23/presentational-graphics-vs-content-graphics /presentational-graphics-vs-content-graphics 301
/2009/09/09/css-seletcors/ /css-seletcors 301
/2009/09/09/css-seletcors /css-seletcors 301
/2009/07/06/the-end-of-xhtml2/ /the-end-of-xhtml2 301
/2009/07/06/the-end-of-xhtml2 /the-end-of-xhtml2 301
/2009/09/03/get-the-principles-of-successful-freelancing-book-for-free/ /get-the-principles-of-successful-freelancing-book-for-free 301
/2009/09/03/get-the-principles-of-successful-freelancing-book-for-free /get-the-principles-of-successful-freelancing-book-for-free 301
/2009/08/23/easy-to-implement-accessibility-tips-skip-over-navigation-links/ /easy-to-implement-accessibility-tips-skip-over-navigation-links 301
/2009/08/23/easy-to-implement-accessibility-tips-skip-over-navigation-links /easy-to-implement-accessibility-tips-skip-over-navigation-links 301
/2009/07/30/easy-to-implement-accessibility-tips-extra-navigation-for-text-browsers-and-screen-readers/ /easy-to-implement-accessibility-tips-extra-navigation-for-text-browsers-and-screen-readers 301
/2009/07/30/easy-to-implement-accessibility-tips-extra-navigation-for-text-browsers-and-screen-readers /easy-to-implement-accessibility-tips-extra-navigation-for-text-browsers-and-screen-readers 301
/2009/08/19/best-links-july-august-09/ /best-links-july-august-09 301
/2009/08/19/best-links-july-august-09 /best-links-july-august-09 301
/2009/08/08/ssmap-podcast/ /ssmap-podcast 301
/2009/08/08/ssmap-podcast /ssmap-podcast 301
/2010/01/24/wordcamp-thessalonikis-here-i-come/ /wordcamp-thessalonikis-here-i-come 301
/2010/01/24/wordcamp-thessalonikis-here-i-come /wordcamp-thessalonikis-here-i-come 301
/2010/01/09/hilights-of-the-decade/ /hilights-of-the-decade 301
/2010/01/09/hilights-of-the-decade /hilights-of-the-decade 301
/2010/01/07/kazamias-2010/ /kazamias-2010 301
/2010/01/07/kazamias-2010 /kazamias-2010 301
/2010/01/03/best-links-december-09/ /best-links-december-09 301
/2010/01/03/best-links-december-09 /best-links-december-09 301
/2009/12/30/styling-html5-elements/ /styling-html5-elements 301
/2009/12/30/styling-html5-elements /styling-html5-elements 301
/2009/12/29/wordpress-and-bad-quality-on-statistcs-plugins/ /wordpress-and-bad-quality-on-statistcs-plugins 301
/2009/12/29/wordpress-and-bad-quality-on-statistcs-plugins /wordpress-and-bad-quality-on-statistcs-plugins 301
/2009/12/25/tsevdos-toolset/ /tsevdos-toolset 301
/2009/12/25/tsevdos-toolset /tsevdos-toolset 301
/2009/12/21/first-greek-wordcamp/ /first-greek-wordcamp 301
/2009/12/21/first-greek-wordcamp /first-greek-wordcamp 301
/2009/12/20/wordpress-29-is-here/ /wordpress-29-is-here 301
/2009/12/20/wordpress-29-is-here /wordpress-29-is-here 301
/2009/12/06/best-links-november-09/ /best-links-november-09 301
/2009/12/06/best-links-november-09 /best-links-november-09 301
/2009/11/27/google-wave-invitation/ /google-wave-invitation 301
/2009/11/27/google-wave-invitation /google-wave-invitation 301
/2009/11/25/internet-explorer-9/ /internet-explorer-9 301
/2009/11/25/internet-explorer-9 /internet-explorer-9 301
/2009/11/17/easy-to-implement-accessibility-tips-use-correct-labels/ /easy-to-implement-accessibility-tips-use-correct-labels 301
/2009/11/17/easy-to-implement-accessibility-tips-use-correct-labels /easy-to-implement-accessibility-tips-use-correct-labels 301
/2009/11/04/greek-eshopping-magic/ /greek-eshopping-magic 301
/2009/11/04/greek-eshopping-magic /greek-eshopping-magic 301
/2009/11/03/best-links-october-09/ /best-links-october-09 301
/2009/11/03/best-links-october-09 /best-links-october-09 301
/2009/10/14/blog-action-day-09/ /blog-action-day-09 301
/2009/10/14/blog-action-day-09 /blog-action-day-09 301
/2010/12/14/my-presentation-at-drupalcamp-2010/ /my-presentation-at-drupalcamp-2010 301
/2010/12/14/my-presentation-at-drupalcamp-2010 /my-presentation-at-drupalcamp-2010 301
/2010/12/10/athens-drupalcamp-2010/ /athens-drupalcamp-2010 301
/2010/12/10/athens-drupalcamp-2010 /athens-drupalcamp-2010 301
/2010/11/16/my-iphone-screens/ /my-iphone-screens 301
/2010/11/16/my-iphone-screens /my-iphone-screens 301
/2010/11/08/css-inheritance-and-cascade/ /css-inheritance-and-cascade 301
/2010/11/08/css-inheritance-and-cascade /css-inheritance-and-cascade 301
/2010/11/01/css3-and-csss/ /css3-and-csss 301
/2010/11/01/css3-and-csss /css3-and-csss 301
/2010/10/10/good-luck-cssigniter/ /good-luck-cssigniter 301
/2010/10/10/good-luck-cssigniter /good-luck-cssigniter 301
/2010/09/27/web-experts-and-greece/ /web-experts-and-greece 301
/2010/09/27/web-experts-and-greece /web-experts-and-greece 301
/2010/09/13/html5-thoughts/ /html5-thoughts 301
/2010/09/13/html5-thoughts /html5-thoughts 301
/2010/08/26/phrappe-com-announcement/ /phrappe-com-announcement 301
/2010/08/26/phrappe-com-announcement /phrappe-com-announcement 301
/2010/07/26/base-tag-or-simply-the-client-side-debuging-tag/ /base-tag-or-simply-the-client-side-debuging-tag 301
/2010/07/26/base-tag-or-simply-the-client-side-debuging-tag /base-tag-or-simply-the-client-side-debuging-tag 301
/2010/02/02/greek-wordcamp-the-aftermath/ /greek-wordcamp-the-aftermath 301
/2010/02/02/greek-wordcamp-the-aftermath /greek-wordcamp-the-aftermath 301
/2010/02/17/flash-the-beginning-of-the-end/ /flash-the-beginning-of-the-end 301
/2010/02/17/flash-the-beginning-of-the-end /flash-the-beginning-of-the-end 301
/2010/03/03/getting-real-what-we-really-need/ /getting-real-what-we-really-need 301
/2010/03/03/getting-real-what-we-really-need /getting-real-what-we-really-need 301
/2010/03/15/tsevdos-com-and-wptouch-plug-in/ /tsevdos-com-and-wptouch-plug-in 301
/2010/03/15/tsevdos-com-and-wptouch-plug-in /tsevdos-com-and-wptouch-plug-in 301
/2010/07/13/the-costumer-is-always-wrong/ /the-costumer-is-always-wrong 301
/2010/07/13/the-costumer-is-always-wrong /the-costumer-is-always-wrong 301
/2010/07/04/interact-with-web-standards-a-holistic-approach-to-web-design/ /interact-with-web-standards-a-holistic-approach-to-web-design 301
/2010/07/04/interact-with-web-standards-a-holistic-approach-to-web-design /interact-with-web-standards-a-holistic-approach-to-web-design 301
/2010/03/23/write-html5-using-xhtml/ /write-html5-using-xhtml 301
/2010/03/23/write-html5-using-xhtml /write-html5-using-xhtml 301
/2010/04/27/tsevdos-interview-at-greektutsnet/ /tsevdos-interview-at-greektutsnet 301
/2010/04/27/tsevdos-interview-at-greektutsnet /tsevdos-interview-at-greektutsnet 301
/2010/05/18/my-last-greek-post/ /my-last-greek-post 301
/2010/05/18/my-last-greek-post /my-last-greek-post 301
/2010/06/18/wordpress-3-0-first-look/ /wordpress-3-0-first-look 301
/2010/06/18/wordpress-3-0-first-look /wordpress-3-0-first-look 301
/2011/01/03/2010-a-personal-review/ /a-personal-review 301
/2011/01/03/2010-a-personal-review /a-personal-review 301
/2011/03/28/nwrapper-jquery-plugin/ /nwrapper-jquery-plugin 301
/2011/03/28/nwrapper-jquery-plugin /nwrapper-jquery-plugin 301
/2011/05/19/css3-online-tools/ /css3-online-tools 301
/2011/05/19/css3-online-tools /css3-online-tools 301
/2011/05/26/3-greek-events-worth-watching/ /greek-events-worth-watching 301
/2011/05/26/3-greek-events-worth-watching /greek-events-worth-watching 301
/2011/06/21/mobile-app-vs-native-app/ /mobile-app-vs-native-app 301
/2011/06/21/mobile-app-vs-native-app /mobile-app-vs-native-app 301
/2011/06/26/ambrosia-wordpress-theme/ /ambrosia-wordpress-theme 301
/2011/06/26/ambrosia-wordpress-theme /ambrosia-wordpress-theme 301
/2011/07/26/front-end-development-libraries-frameworks-and-other-tools/ /front-end-development-libraries-frameworks-and-other-tools 301
/2011/07/26/front-end-development-libraries-frameworks-and-other-tools /front-end-development-libraries-frameworks-and-other-tools 301
/2011/08/12/ipad-apps-and-thoughts/ /ipad-apps-and-thoughts 301
/2011/08/12/ipad-apps-and-thoughts /ipad-apps-and-thoughts 301
/2011/10/25/inetrnet-is-my-religion/ /inetrnet-is-my-religion 301
/2011/10/25/inetrnet-is-my-religion /inetrnet-is-my-religion 301
/2011/11/01/ambrosia-theme-is-into-the-best-50-free-wordpress-themes-list-of-2011/ /ambrosia-theme-is-into-the-best-50-free-wordpress-themes-list-of-2011 301
/2011/11/01/ambrosia-theme-is-into-the-best-50-free-wordpress-themes-list-of-2011 /ambrosia-theme-is-into-the-best-50-free-wordpress-themes-list-of-2011 301
/2012/01/01/happy-new-year-2012/ /happy-new-year-2012 301
/2012/01/01/happy-new-year-2012 /happy-new-year-2012 301
/2012/01/11/sopa-act/ /sopa-act 301
/2012/01/11/sopa-act /sopa-act 301
/2012/03/22/adaptive-vs-responsive-design-whats-the-difference/ /adaptive-vs-responsive-design-whats-the-difference 301
/2012/03/22/adaptive-vs-responsive-design-whats-the-difference /adaptive-vs-responsive-design-whats-the-difference 301
/2012/04/24/free-javascript-books/ /free-javascript-books 301
/2012/04/24/free-javascript-books /free-javascript-books 301
/2012/07/13/github-account-checked/ /github-account-checked 301
/2012/07/13/github-account-checked /github-account-checked 301
/2012/11/15/upnorth-conference-be-there/ /upnorth-conference-be-there 301
/2012/11/15/upnorth-conference-be-there /upnorth-conference-be-there 301
/2012/12/25/my-presentation-at-upnorth-conference/ /my-presentation-at-upnorth-conference 301
/2012/12/25/my-presentation-at-upnorth-conference /my-presentation-at-upnorth-conference 301
/2013/03/20/my-presentation-at-first-joomlafrappe/ /my-presentation-at-first-joomlafrappe 301
/2013/03/20/my-presentation-at-first-joomlafrappe /my-presentation-at-first-joomlafrappe 301
/2013/06/25/joomladay-2013-and-my-presentation-there/ /joomladay-2013-and-my-presentation-there 301
/2013/06/25/joomladay-2013-and-my-presentation-there /joomladay-2013-and-my-presentation-there 301
/2013/07/02/site-antipatterns/ /site-antipatterns 301
/2013/07/02/site-antipatterns /site-antipatterns 301
/2013/07/09/vanity-metrics/ /vanity-metrics 301
/2013/07/09/vanity-metrics /vanity-metrics 301
/2013/09/10/linux-summer-switch/ /linux-summer-switch 301
/2013/09/10/linux-summer-switch /linux-summer-switch 301
/2014/01/15/css3-rules-of-tomorrow-today-part-1/ /css3-rules-of-tomorrow-today-part-1 301
/2014/01/15/css3-rules-of-tomorrow-today-part-1 /css3-rules-of-tomorrow-today-part-1 301
/2014/01/28/css3-rules-of-tomorrow-today-part-2/ /css3-rules-of-tomorrow-today-part-2 301
/2014/01/28/css3-rules-of-tomorrow-today-part-2 /css3-rules-of-tomorrow-today-part-2 301
/2014/03/04/css-selectors-part-1-css1/ /css-selectors-part-1-css1 301
/2014/03/04/css-selectors-part-1-css1 /css-selectors-part-1-css1 301
/2014/04/16/css-selectors-part-2-css2/ /css-selectors-part-2-css2 301
/2014/04/16/css-selectors-part-2-css2 /css-selectors-part-2-css2 301
/2014/06/03/misc/ /misc 301
/2014/06/03/misc /misc 301
/2015/12/12/css-selectors-part-3-css3/ /css-selectors-part-3-css3 301
/2015/12/12/css-selectors-part-3-css3 /css-selectors-part-3-css3 301
/2015/12/14/greek-in-tech/ /greek-in-tech 301
/2015/12/14/greek-in-tech /greek-in-tech 301
/2017/01/26/repocompare/ /repocompare 301
/2017/01/26/repocompare /repocompare 301
